updated,country,cases,todayCases,deaths,todayDeaths,recovered,todayRecovered,active,critical,casesPerOneMillion,deathsPerOneMillion,tests,testsPerOneMillion,population,continent,oneCasePerPeople,oneDeathPerPeople,oneTestPerPeople,activePerOneMillion,recoveredPerOneMillion,criticalPerOneMillion,countryInfo._id,countryInfo.iso2,countryInfo.iso3,countryInfo.lat,countryInfo.long,countryInfo.flag
1647698167469,Afghanistan,177039,30,7652,1,159797,53,9590,1124,4380,189,910735,22530,40423766,Asia,228,5283,44,237.24,3953.05,27.81,4.0,AF,AFG,33.0,65.0,https://disease.sh/assets/img/flags/af.png
1647698167459,Albania,272961,0,3487,0,268835,0,639,13,95028,1214,1765898,614774,2872433,Europe,11,824,2,222.46,93591.39,4.53,8.0,AL,ALB,41.0,20.0,https://disease.sh/assets/img/flags/al.png
1647698167459,Algeria,265524,0,6871,0,178156,0,80497,6,5874,152,230861,5107,45202038,Africa,170,6579,196,1780.83,3941.33,0.13,12.0,DZ,DZA,28.0,3.0,https://disease.sh/assets/img/flags/dz.png
1647698167662,Andorra,39234,0,153,0,38377,0,704,14,506402,1975,249838,3224715,77476,Europe,2,506,0,9086.68,495340.49,180.7,20.0,AD,AND,42.5,1.6,https://disease.sh/assets/img/flags/ad.png
1647698167559,Angola,99003,0,1900,0,96951,0,152,0,2861,55,1473371,42572,34609309,Africa,350,18215,23,4.39,2801.3,0.0,24.0,AO,AGO,-12.5,18.5,https://disease.sh/assets/img/flags/ao.png
1647698167786,Anguilla,2595,0,9,0,2572,0,14,4,170365,591,51382,3373293,15232,North America,6,1692,0,919.12,168855.04,262.61,660.0,AI,AIA,18.25,-63.1667,https://disease.sh/assets/img/flags/ai.png
1647698167774,Antigua and Barbuda,7470,0,135,0,7330,0,5,1,75217,1359,18901,190317,99313,North America,13,736,5,50.35,73807.05,10.07,28.0,AG,ATG,17.05,-61.8,https://disease.sh/assets/img/flags/ag.png
1647698166962,Argentina,9004829,0,127439,0,8803205,0,74185,691,196168,2776,35025226,763016,45903649,South America,5,360,1,1616.1,191775.71,15.05,32.0,AR,ARG,-34.0,-64.0,https://disease.sh/assets/img/flags/ar.png
1647698167274,Armenia,422286,32,8593,1,409277,81,4416,0,142055,2891,2949129,992072,2972698,Asia,7,346,1,1485.52,137678.63,0.0,51.0,AM,ARM,40.0,45.0,https://disease.sh/assets/img/flags/am.png
1647698167671,Aruba,33843,0,212,0,33591,0,40,4,314702,1971,177885,1654129,107540,North America,3,507,1,371.95,312358.19,37.2,533.0,AW,ABW,12.5,-69.9667,https://disease.sh/assets/img/flags/aw.png
1647698166977,Australia,3863155,46522,5722,28,3472209,0,385224,86,148555,220,65203967,2507378,26004837,Australia-Oceania,7,4545,0,14813.55,133521.66,3.31,36.0,AU,AUS,-27.0,133.0,https://disease.sh/assets/img/flags/au.png
1647698166984,Austria,3429011,41999,15387,43,2963825,37407,449799,203,377058,1692,170281200,18724323,9094118,Europe,3,591,0,49460.43,325905.71,22.32,40.0,AT,AUT,47.3333,13.3333,https://disease.sh/assets/img/flags/at.png
1647698167170,Azerbaijan,791288,0,9647,0,780536,0,1105,0,76860,937,6656940,646608,10295165,Asia,13,1067,2,107.33,75815.78,0.0,31.0,AZ,AZE,40.5,47.5,https://disease.sh/assets/img/flags/az.png
1647698167672,Bahamas,33211,0,773,0,32135,0,303,11,83099,1934,224033,560563,399657,North America,12,517,2,758.15,80406.45,27.52,44.0,BS,BHS,24.25,-76.0,https://disease.sh/assets/img/flags/bs.png
1647698167263,Bahrain,543089,0,1465,0,531521,0,10103,5,301315,813,9534009,5289634,1802395,Asia,3,1230,0,5605.32,294897.07,2.77,48.0,BH,BHR,26.0,50.55,https://disease.sh/assets/img/flags/bh.png
1647698166997,Bangladesh,1950527,62,29114,0,1869634,1014,51779,1264,11646,174,13709153,81851,167489830,Asia,86,5753,12,309.15,11162.67,7.55,50.0,BD,BGD,24.0,90.0,https://disease.sh/assets/img/flags/bd.png
1647698167580,Barbados,57548,0,326,0,56103,0,1119,0,199836,1132,601766,2089639,287976,North America,5,883,0,3885.74,194818.32,0.0,52.0,BB,BRB,13.1667,-59.5333,https://disease.sh/assets/img/flags/bb.png
1647698167078,Belarus,949994,1578,6716,11,928536,0,14742,0,100592,711,12718008,1346674,9444017,Europe,10,1406,1,1560.99,98320.03,0.0,112.0,BY,BLR,53.0,28.0,https://disease.sh/assets/img/flags/by.png
1647698166980,Belgium,3696059,0,30510,0,3429791,0,235758,181,316559,2613,32331016,2769080,11675724,Europe,3,383,0,20192.15,293754.03,15.5,56.0,BE,BEL,50.8333,4.0,https://disease.sh/assets/img/flags/be.png
1647698167580,Belize,57143,0,654,0,56132,0,357,6,139392,1595,514356,1254698,409944,North America,7,627,1,870.85,136926.02,14.64,84.0,BZ,BLZ,17.25,-88.75,https://disease.sh/assets/img/flags/bz.png
1647698167676,Benin,26952,0,163,0,25506,0,1283,5,2128,13,604310,47716,12664720,Africa,470,77698,21,101.31,2013.94,0.39,204.0,BJ,BEN,9.5,2.25,https://disease.sh/assets/img/flags/bj.png
1647698167759,Bermuda,12094,0,126,0,11697,0,271,0,195427,2036,823671,13309703,61885,North America,5,491,0,4379.09,189011.88,0.0,60.0,BM,BMU,32.3333,-64.75,https://disease.sh/assets/img/flags/bm.png
1647698167682,Bhutan,21310,0,9,0,16659,0,4642,9,27108,11,2065873,2627973,786109,Asia,37,87345,0,5905.03,21191.72,11.45,64.0,BT,BTN,27.5,90.5,https://disease.sh/assets/img/flags/bt.png
1647698167158,Bolivia,899524,307,21482,2,816043,1633,61999,220,75307,1798,2682016,224535,11944752,South America,13,556,4,5190.48,68318.12,18.42,68.0,BO,BOL,-17.0,-65.0,https://disease.sh/assets/img/flags/bo.png
1647698167278,Bosnia,373985,0,15664,0,192218,0,166103,0,115215,4826,1725264,531507,3245984,Europe,9,207,2,51171.85,59217.17,0.0,70.0,BA,BIH,44.0,18.0,https://disease.sh/assets/img/flags/ba.png
1647698167460,Botswana,263950,0,2619,0,259434,0,1897,1,108504,1077,2026898,833213,2432629,Africa,9,929,1,779.81,106647.58,0.41,72.0,BW,BWA,-22.0,24.0,https://disease.sh/assets/img/flags/bw.png
1647698166758,Brazil,29576397,0,656867,0,28163904,0,755626,8318,137476,3053,63776166,296442,215138549,South America,7,328,3,3512.28,130910.54,38.66,76.0,BR,BRA,-10.0,-55.0,https://disease.sh/assets/img/flags/br.png
1647698167778,British Virgin Islands,6104,0,62,0,0,0,6042,1,199647,2028,101161,3308726,30574,North America,5,493,0,197618.89,0.0,32.71,92.0,VG,VGB,18.5,-64.5,https://disease.sh/assets/img/flags/vg.png
1647698167558,Brunei,123422,1465,180,2,108819,3601,14423,17,277584,405,717784,1614344,444629,Asia,4,2470,1,32438.28,244741.12,38.23,96.0,BN,BRN,4.5,114.6667,https://disease.sh/assets/img/flags/bn.png
1647698167066,Bulgaria,1122795,0,36266,0,893850,0,192679,260,163693,5287,9454432,1378366,6859159,Europe,6,189,1,28090.76,130314.81,37.91,100.0,BG,BGR,43.0,25.0,https://disease.sh/assets/img/flags/bg.png
1647698167683,Burkina Faso,20751,0,375,0,20309,0,67,0,948,17,248995,11380,21880698,Africa,1054,58349,88,3.06,928.17,0.0,854.0,BF,BFA,13.0,-2.0,https://disease.sh/assets/img/flags/bf.png
1647698167663,Burundi,38308,12,38,0,773,0,37497,0,3066,3,345742,27671,12494606,Africa,326,328805,36,3001.06,61.87,0.0,108.0,BI,BDI,-3.5,30.0,https://disease.sh/assets/img/flags/bi.png
1647698167582,Cabo Verde,55921,0,401,0,55454,0,66,23,98749,708,400982,708081,566294,Africa,10,1412,1,116.55,97924.4,40.61,132.0,CV,CPV,16.0,-24.0,https://disease.sh/assets/img/flags/cv.png
1647698167480,Cambodia,134889,117,3050,1,130804,116,1035,0,7882,178,2907588,169897,17113824,Asia,127,5611,6,60.48,7643.18,0.0,116.0,KH,KHM,13.0,105.0,https://disease.sh/assets/img/flags/kh.png
1647698167559,Cameroon,119414,0,1926,0,117263,0,225,13,4315,70,1751774,63303,27672830,Africa,232,14368,16,8.13,4237.48,0.47,120.0,CM,CMR,6.0,12.0,https://disease.sh/assets/img/flags/cm.png
1647698166985,Canada,3394348,0,37150,0,3236619,0,120579,510,88609,970,58924697,1538223,38306984,North America,11,1031,1,3147.7,84491.62,13.31,124.0,CA,CAN,60.0,-95.0,https://disease.sh/assets/img/flags/ca.png
1647698167772,Caribbean Netherlands,7739,0,31,0,7609,0,99,0,290514,1164,30126,1130898,26639,North America,3,859,1,3716.36,285633.85,0.0,535.0,BQ,BES,12.2,-68.26,https://disease.sh/assets/img/flags/bq.png
1647698167684,Cayman Islands,19433,0,22,0,8553,0,10858,2,289876,328,222773,3323036,67039,North America,3,3047,0,161965.42,127582.45,29.83,136.0,KY,CYM,19.5,-80.5,https://disease.sh/assets/img/flags/ky.png
1647698167757,Central African Republic,14649,0,113,0,6859,0,7677,2,2946,23,81294,16347,4973043,Africa,339,44009,61,1543.72,1379.24,0.4,140.0,CF,CAF,7.0,21.0,https://disease.sh/assets/img/flags/cf.png
1647698167776,Chad,7267,0,190,0,4874,0,2203,0,422,11,191341,11105,17229558,Africa,2371,90682,90,127.86,282.89,0.0,148.0,TD,TCD,15.0,19.0,https://disease.sh/assets/img/flags/td.png
1647698167576,Channel Islands,60844,0,147,0,55714,0,4983,0,344534,832,1229565,6962508,176598,Europe,3,1201,0,28216.63,315484.89,0.0,832.0,JE,JEY,49.21,-2.13,https://disease.sh/assets/img/flags/je.png
1647698166986,Chile,3368704,0,44339,0,2667424,0,656941,851,173678,2286,34515210,1779475,19396286,South America,6,437,1,33869.42,137522.41,43.87,152.0,CL,CHL,-30.0,-71.0,https://disease.sh/assets/img/flags/cl.png
1647698167872,China,128462,2228,4638,2,105238,614,18586,31,89,3,160000000,111163,1439323776,Asia,11204,310333,9,12.91,73.12,0.02,156.0,CN,CHN,35.0,105.0,https://disease.sh/assets/img/flags/cn.png
1647698166966,Colombia,6079896,0,139415,0,5912154,0,28327,342,117353,2691,33647572,649460,51808536,South America,9,372,2,546.76,114115.44,6.6,170.0,CO,COL,4.0,-72.0,https://disease.sh/assets/img/flags/co.png
1647698167771,Comoros,8076,0,160,0,7896,0,20,0,8961,178,0,0,901200,Africa,112,5633,0,22.19,8761.65,0.0,174.0,KM,COM,-12.1667,44.25,https://disease.sh/assets/img/flags/km.png
1647698167678,Congo,24059,0,383,0,20178,0,3498,0,4184,67,347815,60492,5749734,Africa,239,15012,17,608.38,3509.38,0.0,178.0,CG,COG,-1.0,15.0,https://disease.sh/assets/img/flags/cg.png
1647698167860,Cook Islands,676,0,0,0,206,0,470,0,38429,0,4989,283611,17591,Australia-Oceania,26,0,4,26718.21,11710.53,0.0,184.0,CK,COK,-21.2333,-159.7667,https://disease.sh/assets/img/flags/ck.png
1647698167166,Costa Rica,829400,0,8226,0,755691,0,65483,84,160317,1590,3854668,745077,5173516,North America,6,629,1,12657.35,146069.13,16.24,188.0,CR,CRI,10.0,-84.0,https://disease.sh/assets/img/flags/cr.png
1647698167068,Croatia,1083111,1775,15425,15,1056384,1644,11302,42,266641,3797,4618113,1136892,4062052,Europe,4,263,1,2782.34,260061.66,10.34,191.0,HR,HRV,45.1667,15.5,https://disease.sh/assets/img/flags/hr.png
1647698167070,Cuba,1079853,0,8504,0,1068531,0,2818,23,95437,752,12920253,1141888,11314814,North America,10,1331,1,249.05,94436.46,2.03,192.0,CU,CUB,21.5,-80.0,https://disease.sh/assets/img/flags/cu.png
1647698167660,Curaçao,39853,0,265,0,39097,0,491,3,241184,1604,494095,2990184,165239,North America,4,624,0,2971.45,236608.79,18.16,531.0,CW,CUW,12.15,-68.97,https://disease.sh/assets/img/flags/cw.png
1647698167357,Cyprus,370311,0,915,0,124370,0,245026,60,302947,749,9477138,7753142,1222361,Asia,3,1336,0,200453.06,101745.72,49.09,196.0,CY,CYP,35.0,33.0,https://disease.sh/assets/img/flags/cy.png
1647698166979,Czechia,3733099,8705,39352,11,3618059,9564,75688,133,347495,3663,54355892,5059706,10742896,Europe,3,273,0,7045.4,336786.19,12.38,203.0,CZ,CZE,49.75,15.5,https://disease.sh/assets/img/flags/cz.png
1647698167564,Côte d'Ivoire,81643,0,796,0,80790,0,57,0,2970,29,1453611,52873,27492312,Africa,337,34538,19,2.07,2938.64,0.0,384.0,CI,CIV,8.0,-5.0,https://disease.sh/assets/img/flags/ci.png
1647698167560,DRC,86461,0,1335,0,50930,0,34196,0,918,14,846704,8988,94203776,Africa,1090,70565,111,363.0,540.64,0.0,180.0,CD,COD,0.0,25.0,https://disease.sh/assets/img/flags/cd.png
1647698166989,Denmark,2856182,6012,5375,37,2711990,14893,138817,27,490162,922,126512719,21711389,5827021,Europe,2,1084,0,23822.98,465416.2,4.63,208.0,DK,DNK,56.0,10.0,https://disease.sh/assets/img/flags/dk.png
1647698167857,Diamond Princess,712,0,13,0,699,0,0,0,0,0,0,0,0,,0,0,0,0.0,0.0,0.0,,,,0.0,0.0,https://disease.sh/assets/img/flags/unknown.png
1647698167690,Djibouti,15573,0,189,0,15376,0,8,0,15380,187,292609,288991,1012518,Africa,65,5357,3,7.9,15185.9,0.0,262.0,DJ,DJI,11.5,43.0,https://disease.sh/assets/img/flags/dj.png
1647698167764,Dominica,11643,0,62,0,11330,0,251,0,161057,858,175744,2431063,72291,North America,6,1166,0,3472.08,156727.67,0.0,212.0,DM,DMA,15.4167,-61.3333,https://disease.sh/assets/img/flags/dm.png
1647698167262,Dominican Republic,577241,0,4375,0,572289,0,577,24,52317,397,3186681,288817,11033581,North America,19,2522,3,52.29,51867.93,2.18,214.0,DO,DOM,19.0,-70.6667,https://disease.sh/assets/img/flags/do.png
1647698167165,Ecuador,849699,0,35348,0,0,0,814351,759,46944,1953,2470170,136472,18100215,South America,21,512,7,44991.23,0.0,41.93,218.0,EC,ECU,-2.0,-77.5,https://disease.sh/assets/img/flags/ec.png
1647698167270,Egypt,495373,0,24277,0,424831,0,46265,122,4690,230,3693367,34966,105627339,Africa,213,4351,29,438.0,4021.98,1.16,818.0,EG,EGY,27.0,30.0,https://disease.sh/assets/img/flags/eg.png
1647698167474,El Salvador,160942,0,4107,0,140603,0,16232,45,24601,628,1843224,281749,6542072,North America,41,1593,4,2481.17,21492.12,6.88,222.0,SV,SLV,13.8333,-88.9167,https://disease.sh/assets/img/flags/sv.png
1647698167689,Equatorial Guinea,15899,0,183,0,15679,0,37,5,10731,124,295501,199452,1481562,Africa,93,8096,5,24.97,10582.75,3.37,226.0,GQ,GNQ,2.0,10.0,https://disease.sh/assets/img/flags/gq.png
1647698167768,Eritrea,9723,0,103,0,9618,0,2,0,2678,28,23693,6527,3630183,Africa,373,35244,153,0.55,2649.45,0.0,232.0,ER,ERI,15.0,39.0,https://disease.sh/assets/img/flags/er.png
1647698167266,Estonia,541551,1368,2385,0,450136,4002,89030,17,407777,1796,3201385,2410576,1328058,Europe,2,557,0,67037.73,338943.03,12.8,233.0,EE,EST,59.0,26.0,https://disease.sh/assets/img/flags/ee.png
1647698167272,Ethiopia,469419,0,7488,0,421604,0,40327,48,3918,62,4593258,38335,119820284,Africa,255,16002,26,336.56,3518.64,0.4,231.0,ET,ETH,8.0,38.0,https://disease.sh/assets/img/flags/et.png
1647698167862,Falkland Islands (Malvinas),118,0,0,0,0,0,118,0,32302,0,8632,2362989,3653,South America,31,0,0,32302.22,0.0,0.0,238.0,FK,FLK,-51.75,-59.0,https://disease.sh/assets/img/flags/fk.png
1647698167668,Faroe Islands,34237,0,28,0,7693,0,26516,5,696157,569,778000,15819439,49180,Europe,1,1756,0,539162.26,156425.38,101.67,234.0,FO,FRO,62.0,-7.0,https://disease.sh/assets/img/flags/fo.png
1647698167571,Fiji,64221,0,834,0,62425,0,962,0,70764,919,502974,554221,907533,Australia-Oceania,14,1088,2,1060.02,68785.38,0.0,242.0,FJ,FJI,-18.0,175.0,https://disease.sh/assets/img/flags/fj.png
1647698167171,Finland,786312,0,2783,0,46000,0,737529,40,141540,501,10217581,1839212,5555413,Europe,7,1996,1,132758.63,8280.21,7.2,246.0,FI,FIN,64.0,26.0,https://disease.sh/assets/img/flags/fi.png
1647698166761,France,23957773,0,140841,0,22505891,0,1311041,1695,365655,2150,246629975,3764190,65520073,Europe,3,465,0,20009.76,343496.12,25.87,250.0,FR,FRA,46.0,2.0,https://disease.sh/assets/img/flags/fr.png
1647698167566,French Guiana,78326,0,394,0,11254,0,66678,3,251137,1263,605571,1941648,311885,South America,4,792,1,213790.34,36083.81,9.62,254.0,GF,GUF,4.0,-53.0,https://disease.sh/assets/img/flags/gf.png
1647698167569,French Polynesia,71243,0,645,0,0,0,70598,7,251139,2274,0,0,283680,Australia-Oceania,4,440,0,248864.92,0.0,24.68,258.0,PF,PYF,-15.0,-140.0,https://disease.sh/assets/img/flags/pf.png
1647698167658,Gabon,47570,0,303,0,47244,0,23,0,20546,131,1584243,684247,2315310,Africa,49,7641,1,9.93,20405.04,0.0,266.0,GA,GAB,-1.0,11.75,https://disease.sh/assets/img/flags/ga.png
1647698167760,Gambia,11973,0,365,0,11591,0,17,0,4728,144,155686,61477,2532439,Africa,212,6938,16,6.71,4577.01,0.0,270.0,GM,GMB,13.4667,-16.5667,https://disease.sh/assets/img/flags/gm.png
1647698167001,Georgia,1641399,849,16643,13,1596779,1855,27977,0,412817,4186,16180964,4069562,3976095,Asia,2,239,0,7036.3,401594.78,0.0,268.0,GE,GEO,42.0,43.5,https://disease.sh/assets/img/flags/ge.png
1647698166767,Germany,18424575,0,127289,0,14448200,124700,3849086,2494,218712,1511,104701826,1242880,84241266,Europe,5,662,1,45691.22,171509.77,29.61,276.0,DE,DEU,51.0,9.0,https://disease.sh/assets/img/flags/de.png
1647698167475,Ghana,160791,0,1445,0,159277,0,69,1,4997,45,2384624,74104,32179400,Africa,200,22269,13,2.14,4949.66,0.03,288.0,GH,GHA,8.0,-2.0,https://disease.sh/assets/img/flags/gh.png
1647698167688,Gibraltar,16166,0,101,0,15656,0,409,10,480074,2999,525624,15609194,33674,Europe,2,333,0,12145.87,464928.43,296.97,292.0,GI,GIB,36.1833,-5.3667,https://disease.sh/assets/img/flags/gi.png
1647698166991,Greece,2756487,0,26847,0,2481680,0,247960,354,266684,2597,70675555,6837709,10336145,Europe,4,385,0,23989.6,240097.25,34.25,300.0,GR,GRC,39.0,22.0,https://disease.sh/assets/img/flags/gr.png
1647698167761,Greenland,11926,0,20,0,2761,0,9145,4,209456,351,164926,2896589,56938,North America,5,2847,0,160613.3,48491.34,70.25,304.0,GL,GRL,72.0,-40.0,https://disease.sh/assets/img/flags/gl.png
1647698167758,Grenada,13936,0,217,0,13659,0,60,4,122878,1913,140866,1242062,113413,North America,8,523,1,529.04,120435.93,35.27,308.0,GD,GRD,12.1167,-61.6667,https://disease.sh/assets/img/flags/gd.png
1647698167482,Guadeloupe,130705,0,843,0,2250,0,127612,19,326566,2106,938039,2343685,400241,North America,3,475,0,318837.9,5621.61,47.47,312.0,GP,GLP,16.25,-61.5833,https://disease.sh/assets/img/flags/gp.png
1647698167168,Guatemala,814111,0,17206,0,777282,0,19623,5,44051,931,4127811,223355,18480984,North America,23,1074,4,1061.79,42058.47,0.27,320.0,GT,GTM,15.5,-90.25,https://disease.sh/assets/img/flags/gt.png
1647698167667,Guinea,36435,0,440,0,35950,0,45,8,2652,32,660107,48042,13740252,Africa,377,31228,21,3.28,2616.4,0.58,324.0,GN,GIN,11.0,-10.0,https://disease.sh/assets/img/flags/gn.png
1647698167770,Guinea-Bissau,8096,0,169,0,7082,0,845,6,3954,83,126743,61906,2047335,Africa,253,12114,16,412.73,3459.13,2.93,624.0,GW,GNB,12.0,-15.0,https://disease.sh/assets/img/flags/gw.png
1647698167573,Guyana,63175,0,1226,0,61792,0,157,5,79663,1546,557731,703290,793031,South America,13,647,1,197.97,77918.77,6.3,328.0,GY,GUY,5.0,-59.0,https://disease.sh/assets/img/flags/gy.png
1647698167674,Haiti,30478,0,827,0,27039,0,2612,0,2618,71,132422,11377,11639757,North America,382,14075,88,224.4,2322.99,0.0,332.0,HT,HTI,19.0,-72.4167,https://disease.sh/assets/img/flags/ht.png
1647698167865,Holy See (Vatican City State),29,0,0,0,28,0,1,0,36070,0,0,0,804,Europe,28,0,0,1243.78,34825.87,0.0,336.0,VA,VAT,41.9,12.45,https://disease.sh/assets/img/flags/va.png
1647698167275,Honduras,418300,0,10857,0,131100,0,276343,105,41117,1067,1263329,124180,10173407,North America,24,937,8,27163.27,12886.54,10.32,340.0,HN,HND,15.0,-86.5,https://disease.sh/assets/img/flags/hn.png
1647698167072,Hong Kong,1016944,0,5401,0,0,0,1011543,115,133794,711,36260319,4770593,7600799,Asia,7,1407,0,133083.77,0.0,15.13,344.0,HK,HKG,22.25,114.1667,https://disease.sh/assets/img/flags/hk.png
1647698166998,Hungary,1824089,0,44961,0,1672699,0,106429,90,189644,4674,10975485,1141083,9618477,Europe,5,214,1,11065.06,173904.77,9.36,348.0,HU,HUN,47.0,20.0,https://disease.sh/assets/img/flags/hu.png
1647698167471,Iceland,170806,0,91,0,75685,0,95030,6,495057,264,1848940,5358889,345023,Europe,2,3791,0,275430.91,219362.19,17.39,352.0,IS,ISL,65.0,-18.0,https://disease.sh/assets/img/flags/is.png
1647698166679,India,43006080,0,516381,0,42461926,0,27773,8944,30649,368,782228685,557476,1403161736,Asia,33,2717,2,19.79,30261.6,6.37,356.0,IN,IND,20.0,77.0,https://disease.sh/assets/img/flags/in.png
1647698166968,Indonesia,5956561,7951,153599,188,5573228,24008,229734,2771,21391,552,90310576,324321,278460144,Asia,47,1813,3,825.02,20014.45,9.95,360.0,ID,IDN,-5.0,120.0,https://disease.sh/assets/img/flags/id.png
1647698166965,Iran,7139217,1323,139550,72,6817172,5167,182495,2082,83181,1626,48534882,565492,85827671,Asia,12,615,2,2126.3,79428.6,24.26,364.0,IR,IRN,32.0,53.0,https://disease.sh/assets/img/flags/ir.png
1647698166995,Iraq,2315791,218,25127,3,2272463,666,18201,71,55452,602,18225916,436423,41762072,Asia,18,1662,2,435.83,54414.52,1.7,368.0,IQ,IRQ,33.0,44.0,https://disease.sh/assets/img/flags/iq.png
1647698167063,Ireland,1365467,0,6638,0,1248933,0,109896,44,271361,1319,11577799,2300870,5031923,Europe,4,758,0,21839.76,248201.93,8.74,372.0,IE,IRL,53.0,-8.0,https://disease.sh/assets/img/flags/ie.png
1647698167677,Isle of Man,26101,0,81,0,24259,0,1761,0,304204,944,150753,1757007,85801,Europe,3,1059,1,20524.24,282735.63,0.0,833.0,IM,IMN,54.23,-4.55,https://disease.sh/assets/img/flags/im.png
1647698166978,Israel,3751049,0,10417,0,3698791,0,41841,291,402214,1117,41373364,4436346,9326000,Asia,2,895,0,4486.49,396610.66,31.2,376.0,IL,ISR,31.5,34.75,https://disease.sh/assets/img/flags/il.png
1647698166870,Italy,13724411,0,157607,0,12446583,0,1120221,474,227564,2613,194863984,3231036,60310057,Europe,4,383,0,18574.36,206376.57,7.86,380.0,IT,ITA,42.8333,12.8333,https://disease.sh/assets/img/flags/it.png
1647698167485,Jamaica,128477,0,2858,0,79975,0,45644,25,43066,958,892366,299127,2983230,North America,23,1044,3,15300.19,26808.19,8.38,388.0,JM,JAM,18.25,-77.5,https://disease.sh/assets/img/flags/jm.png
1647698166967,Japan,6016206,49210,26919,155,5460249,58638,529038,983,47818,214,41855859,332676,125815520,Asia,21,4674,3,4204.87,43398.85,7.81,392.0,JP,JPN,36.0,138.0,https://disease.sh/assets/img/flags/jp.png
1647698166999,Jordan,1680179,0,13959,0,1647266,0,18954,694,161929,1345,16499905,1590196,10376017,Asia,6,743,1,1826.71,158757.06,66.89,400.0,JO,JOR,31.0,36.0,https://disease.sh/assets/img/flags/jo.png
1647698167064,Kazakhstan,1304818,51,13653,0,1283715,864,7450,528,68101,713,11575012,604123,19160017,Asia,15,1403,2,388.83,66999.68,27.56,398.0,KZ,KAZ,48.0,68.0,https://disease.sh/assets/img/flags/kz.png
1647698167360,Kenya,323255,0,5647,0,317546,0,62,1,5794,101,3461926,62051,55791665,Africa,173,9880,16,1.11,5691.64,0.02,404.0,KE,KEN,1.0,38.0,https://disease.sh/assets/img/flags/ke.png
1647698167785,Kiribati,3042,0,13,0,2488,0,541,9,24817,106,0,0,122576,Australia-Oceania,40,9429,0,4413.59,20297.61,73.42,296.0,KI,KIR,1.4167,173.0,https://disease.sh/assets/img/flags/ki.png
1647698167257,Kuwait,626993,0,2553,0,621614,0,2826,8,143203,583,7763313,1773115,4378346,Asia,7,1715,1,645.45,141974.62,1.83,414.0,KW,KWT,29.3375,47.6581,https://disease.sh/assets/img/flags/kw.png
1647698167467,Kyrgyzstan,200802,15,2978,1,196045,29,1779,131,29935,444,1907195,284322,6707859,Asia,33,2252,4,265.21,29226.17,19.53,417.0,KG,KGZ,41.0,75.0,https://disease.sh/assets/img/flags/kg.png
1647698167477,Lao People's Democratic Republic,151956,1317,645,0,7660,0,143651,0,20381,87,1006869,135046,7455721,Asia,49,11559,7,19267.22,1027.4,0.0,418.0,LA,LAO,18.0,105.0,https://disease.sh/assets/img/flags/la.png
1647698167172,Latvia,769131,3834,5507,13,692215,15381,71409,34,415611,2976,6968842,3765714,1850603,Europe,2,336,0,38586.88,374048.35,18.37,428.0,LV,LVA,57.0,25.0,https://disease.sh/assets/img/flags/lv.png
1647698167067,Lebanon,1087387,0,10237,0,1019761,0,57389,186,160541,1511,4795578,708015,6773269,Asia,6,662,1,8472.87,150556.7,27.46,422.0,LB,LBN,33.8333,35.8333,https://disease.sh/assets/img/flags/lb.png
1647698167673,Lesotho,32775,0,697,0,23900,0,8178,0,15095,321,415510,191370,2171236,Africa,66,3115,5,3766.52,11007.56,0.0,426.0,LS,LSO,-29.5,28.5,https://disease.sh/assets/img/flags/ls.png
1647698167775,Liberia,7397,0,294,0,5747,0,1356,2,1406,56,139824,26580,5260436,Africa,711,17893,38,257.77,1092.49,0.38,430.0,LR,LBR,6.5,-9.5,https://disease.sh/assets/img/flags/lr.png
1647698167269,Libyan Arab Jamahiriya,500864,0,6368,0,486647,0,7849,111,71239,906,2461977,350173,7030746,Africa,14,1104,3,1116.38,69216.98,15.79,434.0,LY,LBY,25.0,17.0,https://disease.sh/assets/img/flags/ly.png
1647698167691,Liechtenstein,15243,200,81,0,14195,0,967,9,397834,2114,80413,2098734,38315,Europe,3,473,0,25238.16,370481.53,234.89,438.0,LI,LIE,47.1667,9.5333,https://disease.sh/assets/img/flags/li.png
1647698167075,Lithuania,989430,4402,8716,13,908322,6172,72392,73,372322,3280,7959265,2995066,2657459,Europe,3,305,0,27241.06,341800.95,27.47,440.0,LT,LTU,56.0,24.0,https://disease.sh/assets/img/flags/lt.png
1647698167468,Luxembourg,199202,0,1010,0,184566,0,13626,4,309630,1570,4118924,6402257,643355,Europe,3,637,0,21179.6,286880.49,6.22,442.0,LU,LUX,49.75,6.1667,https://disease.sh/assets/img/flags/lu.png
1647698167867,MS Zaandam,9,0,2,0,7,0,0,0,0,0,0,0,0,,0,0,0,0.0,0.0,0.0,,,,0.0,0.0,https://disease.sh/assets/img/flags/unknown.png
1647698167864,Macao,82,0,0,0,79,0,3,0,123,0,5318,8004,664441,Asia,8103,0,125,4.52,118.9,0.0,446.0,MO,MAC,22.1667,113.55,https://disease.sh/assets/img/flags/mo.png
1647698167457,Macedonia,302867,0,9164,0,291719,0,1984,0,145384,4399,1904444,914179,2083228,Europe,7,227,1,952.37,140032.2,0.0,807.0,MK,MKD,41.8333,22.0,https://disease.sh/assets/img/flags/mk.png
1647698167572,Madagascar,63870,0,1377,0,59156,0,3337,23,2210,48,404843,14006,28905063,Africa,453,20991,71,115.45,2046.56,0.8,450.0,MG,MDG,-20.0,47.0,https://disease.sh/assets/img/flags/mg.png
1647698167563,Malawi,85544,0,2624,0,77615,0,5305,67,4283,131,556095,27842,19972972,Africa,233,7612,36,265.61,3886.0,3.35,454.0,MW,MWI,-13.5,34.0,https://disease.sh/assets/img/flags/mw.png
1647698166976,Malaysia,3951678,0,34244,0,3623068,0,294366,383,119481,1035,53237993,1609677,33073704,Asia,8,966,1,8900.3,109545.28,11.58,458.0,MY,MYS,2.5,112.5,https://disease.sh/assets/img/flags/my.png
1647698167470,Maldives,174658,0,297,0,163687,0,10674,25,313689,533,2213831,3976075,556788,Asia,3,1875,0,19170.67,293984.42,44.9,462.0,MV,MDV,3.25,73.0,https://disease.sh/assets/img/flags/mv.png
1647698167675,Mali,30444,0,727,0,29593,0,124,0,1433,34,638117,30036,21245403,Africa,698,29223,33,5.84,1392.91,0.0,466.0,ML,MLI,17.0,-4.0,https://disease.sh/assets/img/flags/ml.png
1647698167568,Malta,74315,286,621,0,71038,115,2656,1,167546,1400,1211456,2731273,443550,Europe,6,714,0,5988.05,160157.82,2.25,470.0,MT,MLT,35.8333,14.5833,https://disease.sh/assets/img/flags/mt.png
1647698167867,Marshall Islands,7,0,0,0,7,0,0,0,117,0,0,0,59872,Australia-Oceania,8553,0,0,0.0,116.92,0.0,584.0,MH,MHL,9.0,168.0,https://disease.sh/assets/img/flags/mh.png
1647698167479,Martinique,135881,0,905,0,104,0,134872,8,362574,2415,777358,2074238,374768,North America,3,414,0,359881.31,277.51,21.35,474.0,MQ,MTQ,14.6667,-61.0,https://disease.sh/assets/img/flags/mq.png
1647698167579,Mauritania,58661,0,981,0,57666,0,14,30,12075,202,766792,157838,4858082,Africa,83,4952,6,2.88,11870.12,6.18,478.0,MR,MRT,20.0,-12.0,https://disease.sh/assets/img/flags/mr.png
1647698167667,Mauritius,35043,0,934,0,32931,0,1178,0,27477,732,358675,281232,1275371,Africa,36,1365,4,923.65,25820.72,0.0,480.0,MU,MUS,-20.2833,57.55,https://disease.sh/assets/img/flags/mu.png
1647698167665,Mayotte,36745,0,187,0,2964,0,33594,0,129365,658,176919,622862,284042,Africa,8,1519,2,118271.24,10435.08,0.0,175.0,YT,MYT,-12.8333,45.1667,https://disease.sh/assets/img/flags/yt.png
1647698166971,Mexico,5629814,4860,321931,125,4922781,4851,385102,4798,42896,2453,15430608,117571,131244774,North America,23,408,9,2934.23,37508.4,36.56,484.0,MX,MEX,23.0,-102.0,https://disease.sh/assets/img/flags/mx.png
1647698167870,Micronesia,1,0,0,0,1,0,0,0,9,0,0,0,117081,Australia-Oceania,117081,0,0,0.0,8.54,0.0,583.0,FM,FSM,6.9167,158.25,https://disease.sh/assets/img/flags/fm.png
1647698167268,Moldova,509834,0,11378,0,493797,0,4659,60,126889,2832,3109908,774002,4017958,Europe,8,353,1,1159.54,122897.5,14.93,498.0,MD,MDA,47.0,29.0,https://disease.sh/assets/img/flags/md.png
1647698167765,Monaco,10063,0,54,0,9702,0,307,4,253368,1360,54960,1383790,39717,Europe,4,736,1,7729.69,244278.27,100.71,492.0,MC,MCO,43.7333,7.4,https://disease.sh/assets/img/flags/mc.png
1647698167273,Mongolia,467521,85,2177,0,313256,0,152088,192,138797,646,4030048,1196438,3368372,Asia,7,1547,1,45151.78,92999.23,57.0,496.0,MN,MNG,46.0,105.0,https://disease.sh/assets/img/flags/mn.png
1647698167465,Montenegro,232038,0,2696,0,228523,0,819,60,369368,4292,1195201,1902574,628202,Europe,3,233,1,1303.72,363773.12,95.51,499.0,ME,MNE,42.0,19.0,https://disease.sh/assets/img/flags/me.png
1647698167862,Montserrat,174,0,2,0,163,0,9,0,34821,400,8359,1672804,4997,North America,29,2499,1,1801.08,32619.57,0.0,500.0,MS,MSR,16.75,-62.2,https://disease.sh/assets/img/flags/ms.png
1647698167065,Morocco,1162374,0,16050,0,1145730,0,594,293,30867,426,11237010,298403,37657221,Africa,32,2346,3,15.77,30425.24,7.78,504.0,MA,MAR,32.0,-5.0,https://disease.sh/assets/img/flags/ma.png
1647698167466,Mozambique,225201,0,2199,0,222008,0,994,13,6877,67,1287922,39328,32748623,Africa,145,14893,25,30.35,6779.16,0.4,508.0,MZ,MOZ,-18.25,35.0,https://disease.sh/assets/img/flags/mz.png
1647698167259,Myanmar,608384,0,19420,0,562905,0,26059,0,11055,353,7473131,135795,55032421,Asia,90,2834,7,473.52,10228.61,0.0,104.0,MM,MMR,22.0,98.0,https://disease.sh/assets/img/flags/mm.png
1647698167476,Namibia,157503,0,4014,0,153069,0,420,1,60129,1532,973306,371574,2619414,Africa,17,653,3,160.34,58436.35,0.38,516.0,NA,NAM,-22.0,17.0,https://disease.sh/assets/img/flags/na.png
1647698167076,Nepal,978127,8,11950,0,962582,409,3595,100,32571,398,5503048,183246,30030928,Asia,31,2513,5,119.71,32053.02,3.33,524.0,NP,NPL,28.0,84.0,https://disease.sh/assets/img/flags/np.png
1647698166963,Netherlands,7435118,0,21774,0,5885086,0,1528258,151,432285,1266,21107399,1227203,17199593,Europe,2,790,1,88854.31,342164.26,8.78,528.0,NL,NLD,52.5,5.75,https://disease.sh/assets/img/flags/nl.png
1647698167577,New Caledonia,59861,0,306,0,58138,0,1417,22,206287,1055,98964,341040,290183,Australia-Oceania,5,948,3,4883.13,200349.43,75.81,540.0,NC,NCL,-21.5,165.5,https://disease.sh/assets/img/flags/nc.png
1647698167271,New Zealand,471225,18555,144,6,347416,18751,123665,0,94205,29,6887013,1376824,5002100,Australia-Oceania,11,34737,1,24722.62,69454.03,0.0,554.0,NZ,NZL,-41.0,174.0,https://disease.sh/assets/img/flags/nz.png
1647698167685,Nicaragua,18290,0,223,0,4225,0,13842,0,2706,33,0,0,6759067,North America,370,30310,0,2047.92,625.09,0.0,558.0,NI,NIC,13.0,-85.0,https://disease.sh/assets/img/flags/ni.png
1647698167769,Niger,8788,0,308,0,8465,0,15,1,342,12,235282,9155,25700174,Africa,2924,83442,109,0.58,329.38,0.04,562.0,NE,NER,16.0,8.0,https://disease.sh/assets/img/flags/ne.png
1647698167461,Nigeria,255103,0,3142,0,249460,0,2501,11,1187,15,4589725,21362,214853324,Africa,842,68381,47,11.64,1161.07,0.05,566.0,NG,NGA,10.0,8.0,https://disease.sh/assets/img/flags/ng.png
1647698167871,Niue,1,0,0,0,0,0,1,0,608,0,0,0,1645,Australia-Oceania,1645,0,0,607.9,0.0,0.0,570.0,NU,NIU,-19.0333,-169.8667,https://disease.sh/assets/img/flags/nu.png
1647698167062,Norway,1376239,0,2169,0,0,0,1374070,22,250517,395,9852076,1793374,5493598,Europe,4,2533,1,250122.05,0.0,4.0,578.0,NO,NOR,62.0,10.0,https://disease.sh/assets/img/flags/no.png
1647698167277,Oman,387180,0,4250,0,380425,0,2505,23,72667,798,25000000,4692087,5328119,Asia,14,1254,0,470.15,71399.49,4.32,512.0,OM,OMN,21.0,57.0,https://disease.sh/assets/img/flags/om.png
1647698167061,Pakistan,1521513,696,30328,2,1475473,1857,15712,503,6667,133,27112283,118804,228209708,Asia,150,7525,8,68.85,6465.43,2.2,586.0,PK,PAK,30.0,70.0,https://disease.sh/assets/img/flags/pk.png
1647698167783,Palau,3945,0,6,0,3656,0,283,1,216271,329,38863,2130530,18241,Australia-Oceania,5,3040,0,15514.5,200427.61,54.82,585.0,PW,PLW,7.5,134.5,https://disease.sh/assets/img/flags/pw.png
1647698167261,Palestine,580165,0,5326,0,571646,0,3193,46,109389,1004,3078533,580452,5303685,Asia,9,996,2,602.03,107782.8,8.67,275.0,PS,PSE,32.0,35.25,https://disease.sh/assets/img/flags/ps.png
1647698167175,Panama,761004,0,8153,0,750402,0,2449,16,171758,1840,5622595,1269018,4430667,North America,6,543,1,552.74,169365.47,3.61,591.0,PA,PAN,9.0,-80.0,https://disease.sh/assets/img/flags/pa.png
1647698167659,Papua New Guinea,41533,0,639,0,39905,0,989,7,4497,69,249149,26975,9236170,Australia-Oceania,222,14454,37,107.08,4320.51,0.76,598.0,PG,PNG,-6.0,147.0,https://disease.sh/assets/img/flags/pg.png
1647698167179,Paraguay,646843,0,18571,0,622241,0,6031,57,88827,2550,2568204,352675,7282063,South America,11,392,3,828.2,85448.45,7.83,600.0,PY,PRY,-23.0,-58.0,https://disease.sh/assets/img/flags/py.png
1647698166982,Peru,3540108,0,211751,0,0,0,3328357,597,104874,6273,28158045,834173,33755661,South America,10,159,1,98601.45,0.0,17.69,604.0,PE,PER,-10.0,-76.0,https://disease.sh/assets/img/flags/pe.png
1647698166981,Philippines,3673717,525,58023,24,3570355,644,45339,289,32781,518,28672696,255846,112070103,Asia,31,1931,4,404.56,31858.23,2.58,608.0,PH,PHL,13.0,122.0,https://disease.sh/assets/img/flags/ph.png
1647698166969,Poland,5885446,10379,114206,119,5227909,4569,543331,425,155799,3023,34983809,926089,37775851,Europe,6,331,1,14383.02,138392.88,11.25,616.0,PL,POL,52.0,20.0,https://disease.sh/assets/img/flags/pl.png
1647698166983,Portugal,3458727,0,21408,0,0,0,3437319,66,340897,2110,37805639,3726178,10145956,Europe,3,474,0,338787.1,0.0,6.51,620.0,PT,PRT,39.5,-8.0,https://disease.sh/assets/img/flags/pt.png
1647698167359,Qatar,359806,136,677,0,358133,143,996,3,128145,241,3399116,1210595,2807805,Asia,8,4147,1,354.73,127549.1,1.07,634.0,QA,QAT,25.5,51.25,https://disease.sh/assets/img/flags/qa.png
1647698166990,Romania,2813798,3168,64669,38,2606660,0,142469,463,147950,3400,21740974,1143141,19018628,Europe,7,294,1,7491.02,137058.26,24.34,642.0,RO,ROU,46.0,25.0,https://disease.sh/assets/img/flags/ro.png
1647698166768,Russia,17551657,32958,364058,495,16135267,95558,1052332,2300,120183,2493,273400000,1872073,146041284,Europe,8,401,1,7205.72,110484.29,15.75,643.0,RU,RUS,60.0,100.0,https://disease.sh/assets/img/flags/ru.png
1647698167484,Rwanda,129635,0,1458,0,45522,0,82655,0,9603,108,5005483,370782,13499802,Africa,104,9259,3,6122.68,3372.05,0.0,646.0,RW,RWA,-2.0,30.0,https://disease.sh/assets/img/flags/rw.png
1647698167363,Réunion,318695,0,689,0,306072,0,11934,41,351676,760,1535875,1694818,906218,Africa,3,1315,1,13169.02,337746.55,45.24,638.0,RE,REU,-21.1,55.6,https://disease.sh/assets/img/flags/re.png
1647698166961,S. Korea,9038938,381329,12101,319,0,0,9026837,1049,176045,236,15804065,307804,51344506,Asia,6,4243,3,175809.21,0.0,20.43,410.0,KR,KOR,37.0,127.5,https://disease.sh/assets/img/flags/kr.png
1647698167869,Saint Helena,2,0,0,0,2,0,0,0,327,0,0,0,6108,Africa,3054,0,0,0.0,327.44,0.0,654.0,SH,SHN,-15.9333,-5.7,https://disease.sh/assets/img/flags/sh.png
1647698167782,Saint Kitts and Nevis,5544,0,42,0,5497,0,5,1,102970,780,65141,1209877,53841,North America,10,1282,1,92.87,102096.91,18.57,659.0,KN,KNA,17.3333,-62.75,https://disease.sh/assets/img/flags/kn.png
1647698167679,Saint Lucia,22878,0,365,0,22488,0,25,1,123625,1972,138910,750621,185060,North America,8,507,1,135.09,121517.35,5.4,662.0,LC,LCA,13.8833,-61.1333,https://disease.sh/assets/img/flags/lc.png
1647698167766,Saint Martin,9912,0,63,0,1399,0,8450,7,249102,1583,112382,2824307,39791,North America,4,632,0,212359.58,35158.7,175.92,663.0,MF,MAF,18.11,-63.03,https://disease.sh/assets/img/flags/mf.png
1647698167787,Saint Pierre Miquelon,1693,0,1,0,1217,0,475,1,294640,174,17358,3020884,5746,North America,3,5746,0,82666.2,211799.51,174.03,666.0,PM,SPM,46.8333,-56.3333,https://disease.sh/assets/img/flags/pm.png
1647698167777,Saint Vincent and the Grenadines,6745,0,106,0,6636,0,3,0,60471,950,98446,882599,111541,North America,17,1052,1,26.9,59493.82,0.0,670.0,VC,VCT,13.25,-61.2,https://disease.sh/assets/img/flags/vc.png
1647698167863,Samoa,94,34,0,0,28,0,66,0,468,0,0,0,200664,Australia-Oceania,2135,0,0,328.91,139.54,0.0,882.0,WS,WSM,-13.5833,-172.3333,https://disease.sh/assets/img/flags/ws.png
1647698167692,San Marino,14726,0,112,0,14340,0,274,4,432444,3289,140260,4118874,34053,Europe,2,304,0,8046.28,421108.27,117.46,674.0,SM,SMR,43.7667,12.4167,https://disease.sh/assets/img/flags/sm.png
1647698167780,Sao Tome and Principe,5938,0,72,0,5862,0,4,0,26262,318,29036,128420,226102,Africa,38,3140,8,17.69,25926.35,0.0,678.0,ST,STP,1.0,7.0,https://disease.sh/assets/img/flags/st.png
1647698167177,Saudi Arabia,749471,98,9027,2,731959,128,8485,212,20971,253,41352246,1157061,35739028,Asia,48,3959,1,237.42,20480.66,5.93,682.0,SA,SAU,25.0,45.0,https://disease.sh/assets/img/flags/sa.png
1647698167561,Senegal,85820,0,1964,0,83814,0,42,2,4905,112,1030824,58916,17496395,Africa,204,8909,17,2.4,4790.36,0.11,686.0,SN,SEN,14.0,-14.0,https://disease.sh/assets/img/flags/sn.png
1647698166996,Serbia,1952029,0,15662,0,1895328,0,41039,47,224958,1805,9004798,1037743,8677293,Europe,4,554,1,4729.47,218423.88,5.42,688.0,RS,SRB,44.0,21.0,https://disease.sh/assets/img/flags/rs.png
1647698167661,Seychelles,39761,0,163,0,39367,0,231,0,400066,1640,0,0,99386,Africa,2,610,0,2324.27,396102.07,0.0,690.0,SC,SYC,-4.5833,55.6667,https://disease.sh/assets/img/flags/sc.png
1647698167773,Sierra Leone,7673,0,125,0,0,0,7548,0,930,15,259958,31496,8253717,Africa,1076,66030,32,914.5,0.0,0.0,694.0,SL,SLE,8.5,-11.5,https://disease.sh/assets/img/flags/sl.png
1647698167073,Singapore,996914,0,1191,0,957785,0,37938,30,168145,201,23396045,3946117,5928878,Asia,6,4978,0,6398.85,161545.74,5.06,702.0,SG,SGP,1.3667,103.8,https://disease.sh/assets/img/flags/sg.png
1647698167768,Sint Maarten,9637,0,85,0,9528,0,24,10,220491,1945,62056,1419818,43707,North America,5,514,1,549.11,217997.12,228.8,534.0,SX,SXM,18.02,-63.06,https://disease.sh/assets/img/flags/sx.png
1647698167059,Slovakia,1627836,9386,19093,20,1484235,9892,124508,207,297912,3494,6707798,1227600,5464156,Europe,3,286,1,22786.32,271631.15,37.88,703.0,SK,SVK,48.6667,19.5,https://disease.sh/assets/img/flags/sk.png
1647698167079,Slovenia,935329,3162,6435,6,896476,1858,32418,61,449802,3095,2596567,1248694,2079426,Europe,2,323,1,15589.88,431117.05,29.34,705.0,SI,SVN,46.0,15.0,https://disease.sh/assets/img/flags/si.png
1647698167767,Solomon Islands,9758,0,127,0,2195,0,7436,4,13636,177,5117,7151,715612,Australia-Oceania,73,5635,140,10391.11,3067.3,5.59,90.0,SB,SLB,-8.0,159.0,https://disease.sh/assets/img/flags/sb.png
1647698167676,Somalia,26400,0,1348,0,13182,0,11870,0,1586,81,400466,24053,16649323,Africa,631,12351,42,712.94,791.74,0.0,706.0,SO,SOM,10.0,49.0,https://disease.sh/assets/img/flags/so.png
1647698166979,South Africa,3702042,0,99868,0,3587145,0,15029,546,61105,1648,23543564,388605,60584846,Africa,16,607,3,248.07,59208.62,9.01,710.0,ZA,ZAF,-29.0,24.0,https://disease.sh/assets/img/flags/za.png
1647698167686,South Sudan,17093,0,138,0,13507,0,3448,1,1497,12,351877,30819,11417704,Africa,668,82737,32,301.99,1182.99,0.09,728.0,SS,SSD,6.8769,31.3069,https://disease.sh/assets/img/flags/ss.png
1647698166872,Spain,11324637,0,101703,0,10571203,0,651731,682,242053,2174,471036328,10067957,46785693,Europe,4,460,0,13930.13,225949.48,14.58,724.0,ES,ESP,40.0,-4.0,https://disease.sh/assets/img/flags/es.png
1647698167178,Sri Lanka,657723,0,16422,0,624521,0,16780,0,30497,761,6368159,295280,21566512,Asia,33,1313,3,778.06,28957.9,0.0,144.0,LK,LKA,7.0,81.0,https://disease.sh/assets/img/flags/lk.png
1647698167784,St. Barth,3780,0,6,0,0,0,3774,0,380741,604,78646,7921636,9928,North America,3,1655,0,380136.99,0.0,0.0,652.0,BL,BLM,17.89,-62.82,https://disease.sh/assets/img/flags/bl.png
1647698167574,Sudan,61775,0,4888,0,0,0,56887,0,1355,107,562941,12346,45595510,Africa,738,9328,81,1247.64,0.0,0.0,729.0,SD,SDN,15.0,30.0,https://disease.sh/assets/img/flags/sd.png
1647698167565,Suriname,78916,23,1323,1,49368,0,28225,0,132497,2221,233443,391943,595604,South America,8,450,3,47388.87,82887.29,0.0,740.0,SR,SUR,4.0,-56.0,https://disease.sh/assets/img/flags/sr.png
1647698167570,Swaziland,69541,0,1392,0,68083,0,66,11,58900,1179,489777,414831,1180666,Africa,17,848,2,55.9,57664.91,9.32,748.0,SZ,SWZ,-26.5,31.5,https://disease.sh/assets/img/flags/sz.png
1647698166992,Sweden,2475687,0,18020,0,2400581,0,57086,42,242554,1765,18342988,1797141,10206759,Europe,4,566,1,5592.96,235195.23,4.11,752.0,SE,SWE,62.0,15.0,https://disease.sh/assets/img/flags/se.png
1647698166988,Switzerland,3253776,0,13467,0,2610682,0,629627,146,371323,1537,19698846,2248045,8762657,Europe,3,651,0,71853.43,297932.69,16.66,756.0,CH,CHE,47.0,8.0,https://disease.sh/assets/img/flags/ch.png
1647698167583,Syrian Arab Republic,55514,0,3124,0,50846,0,1544,0,3046,171,146269,8025,18225742,Asia,328,5834,125,84.72,2789.79,0.0,760.0,SY,SYR,35.0,38.0,https://disease.sh/assets/img/flags/sy.png
1647698167681,Taiwan,21784,126,853,0,19580,60,1351,0,912,36,12278644,513958,23890362,Asia,1097,28007,2,56.55,819.58,0.0,158.0,TW,TWN,23.5,121.0,https://disease.sh/assets/img/flags/tw.png
1647698167685,Tajikistan,17388,0,124,0,17264,0,0,0,1756,13,0,0,9903050,Asia,570,79863,0,0.0,1743.3,0.0,762.0,TJ,TJK,39.0,71.0,https://disease.sh/assets/img/flags/tj.png
1647698167671,Tanzania,33773,0,800,0,0,0,32973,7,539,13,0,0,62635420,Africa,1855,78294,0,526.43,0.0,0.11,834.0,TZ,TZA,-6.0,35.0,https://disease.sh/assets/img/flags/tz.png
1647698166987,Thailand,3328973,25804,24165,87,3067292,18801,237516,687,47490,345,17270775,246377,70098966,Asia,21,2901,4,3388.3,43756.59,9.8,764.0,TH,THA,15.0,100.0,https://disease.sh/assets/img/flags/th.png
1647698167680,Timor-Leste,22789,0,129,0,22596,0,64,9,16741,95,252951,185818,1361287,Asia,60,10553,5,47.01,16599.0,6.61,626.0,TL,TLS,-8.55,125.5167,https://disease.sh/assets/img/flags/tl.png
1647698167664,Togo,36871,0,272,0,36542,0,57,0,4283,32,707053,82123,8609667,Africa,234,31653,12,6.62,4244.3,0.0,768.0,TG,TGO,8.0,1.1667,https://disease.sh/assets/img/flags/tg.png
1647698167786,Tonga,2788,0,2,0,964,0,1822,0,25877,19,84463,783952,107740,Australia-Oceania,39,53870,1,16911.08,8947.47,0.0,776.0,TO,TON,-20.0,-175.0,https://disease.sh/assets/img/flags/to.png
1647698167481,Trinidad and Tobago,134445,0,3704,0,119799,0,10942,18,95539,2632,657641,467332,1407224,North America,10,380,2,7775.59,85131.44,12.79,780.0,TT,TTO,11.0,-61.0,https://disease.sh/assets/img/flags/tt.png
1647698167071,Tunisia,1029762,0,28065,0,983630,0,18067,74,85602,2333,4475031,371999,12029689,Africa,12,429,3,1501.87,81766.87,6.15,788.0,TN,TUN,34.0,9.0,https://disease.sh/assets/img/flags/tn.png
1647698166859,Turkey,14663508,0,97077,0,14291702,0,274729,975,170728,1130,150124082,1747905,85887993,Asia,6,885,1,3198.69,166399.3,11.35,792.0,TR,TUR,39.0,35.0,https://disease.sh/assets/img/flags/tr.png
1647698167781,Turks and Caicos Islands,5874,0,36,0,5808,0,30,4,148292,909,419792,10597864,39611,North America,7,1100,0,757.37,146625.94,100.98,796.0,TC,TCA,21.75,-71.5833,https://disease.sh/assets/img/flags/tc.png
1647698167160,UAE,887385,367,2302,0,855871,816,29212,0,87909,228,144509604,14315898,10094344,Asia,11,4385,0,2893.9,84787.18,0.0,784.0,AE,ARE,24.0,54.0,https://disease.sh/assets/img/flags/ae.png
1647698166764,UK,20093762,0,163511,0,18541447,0,1388804,292,293362,2387,495276718,7230872,68494742,Europe,3,419,0,20276.07,270698.84,4.26,826.0,GB,GBR,54.0,-2.0,https://disease.sh/assets/img/flags/gb.png
1647698166673,USA,81388590,0,997136,0,56975477,0,23415977,3362,243448,2983,970918607,2904195,334315903,North America,4,335,0,70041.47,170424.07,10.06,840.0,US,USA,38.0,-97.0,https://disease.sh/assets/img/flags/us.png
1647698167473,Uganda,163635,68,3595,0,100142,8,59898,7,3395,75,2519886,52276,48203767,Africa,295,13409,19,1242.6,2077.47,0.15,800.0,UG,UGA,1.0,32.0,https://disease.sh/assets/img/flags/ug.png
1647698166973,Ukraine,4928032,0,107477,0,0,0,4820555,177,113850,2483,19521252,450991,43285256,Europe,9,403,2,111367.14,0.0,4.09,804.0,UA,UKR,49.0,32.0,https://disease.sh/assets/img/flags/ua.png
1647698167163,Uruguay,872938,0,7127,0,855615,0,10196,52,249819,2040,5870968,1680165,3494281,South America,4,490,1,2917.91,244861.53,14.88,858.0,UY,URY,-33.0,-56.0,https://disease.sh/assets/img/flags/uy.png
1647698167464,Uzbekistan,237438,24,1637,0,234988,56,813,23,6923,48,1377915,40176,34296943,Asia,144,20951,25,23.7,6851.57,0.67,860.0,UZ,UZB,41.0,64.0,https://disease.sh/assets/img/flags/uz.png
1647698167788,Vanuatu,753,150,1,0,104,45,648,2,2358,3,24976,78200,319387,Australia-Oceania,424,319387,13,2028.89,325.62,6.26,548.0,VU,VUT,-16.0,167.0,https://disease.sh/assets/img/flags/vu.png
1647698167267,Venezuela,519420,0,5666,0,510790,0,2964,230,18355,200,3359014,118700,28298402,South America,54,4994,8,104.74,18050.14,8.13,862.0,VE,VEN,8.0,-66.0,https://disease.sh/assets/img/flags/ve.png
1647698166964,Vietnam,7367112,0,41740,0,3861959,0,3463413,4144,74541,422,82412626,833853,98833464,Asia,13,2368,1,35042.92,39075.42,41.93,704.0,VN,VNM,21.0,105.8,https://disease.sh/assets/img/flags/vn.png
1647698167861,Wallis and Futuna,454,0,7,0,438,0,9,0,41640,642,20508,1880950,10903,Australia-Oceania,24,1558,1,825.46,40172.43,0.0,876.0,WF,WLF,-13.3,-176.2,https://disease.sh/assets/img/flags/wf.png
1647698167866,Western Sahara,10,0,1,0,8,0,1,0,16,2,0,0,622387,Africa,62239,622387,0,1.61,12.85,0.0,732.0,EH,ESH,24.5,-13.0,https://disease.sh/assets/img/flags/eh.png
1647698167763,Yemen,11797,0,2140,0,8908,0,749,23,381,69,265253,8571,30946475,Asia,2623,14461,117,24.2,287.85,0.74,887.0,YE,YEM,15.0,48.0,https://disease.sh/assets/img/flags/ye.png
1647698167365,Zambia,315623,0,3962,0,310706,0,955,1,16386,206,3322571,172495,19261888,Africa,61,4862,6,49.58,16130.61,0.05,894.0,ZM,ZMB,-15.0,30.0,https://disease.sh/assets/img/flags/zm.png
1647698167462,Zimbabwe,244318,0,5423,0,233873,0,5022,12,16040,356,2153582,141384,15232139,Africa,62,2809,7,329.7,15353.92,0.79,716.0,ZW,ZWE,-20.0,30.0,https://disease.sh/assets/img/flags/zw.png
